City_ID,City,Country,Lat,Lng,Max Temp,Humidity,Cloudiness,Wind Speed,Description
0,Kavieng,PG,-2.5744,150.7967,80.76,81,100,9.53,moderate rain
1,Jalu,LY,29.0331,21.5482,89.11,18,0,12.91,clear sky
2,Diu,IN,20.7141,70.9822,82.08,80,7,11.97,clear sky
3,Arraial Do Cabo,BR,-22.9661,-42.0278,78.76,83,75,8.05,broken clouds
4,Bethel,US,41.3712,-73.414,50.49,90,90,1.99,moderate rain
5,Shelburne,CA,44.0787,-80.2041,66.67,43,5,4.52,clear sky
6,The Valley,AI,18.217,-63.0578,87.66,65,75,16.11,broken clouds
7,Margate,GB,51.3813,1.3862,53.31,79,6,1.99,clear sky
8,Komsomolskiy,UZ,40.4272,71.7189,79.52,25,91,2.3,overcast clouds
9,Rikitea,PF,-23.1203,-134.9692,75.36,71,96,12.35,overcast clouds
10,Punta Arenas,CL,-53.15,-70.9167,37.51,52,75,9.06,broken clouds
11,Boussu,BE,50.4342,3.7944,68.99,48,1,7.92,clear sky
12,Longyearbyen,SJ,78.2186,15.6401,35.44,75,75,3.44,broken clouds
13,Kapaa,US,22.0752,-159.319,83.48,62,1,1.01,clear sky
14,Conceicao Do Araguaia,BR,-8.2578,-49.2647,93.33,36,0,3.33,clear sky
15,Sao Filipe,CV,14.8961,-24.4956,74.26,74,72,16.71,broken clouds
16,Ushuaia,AR,-54.8,-68.3,31.62,100,75,3.44,light snow
17,Aykhal,RU,66.0,111.5,50.54,47,11,3.91,few clouds
18,Mataura,NZ,-46.1927,168.8643,49.48,99,100,2.89,overcast clouds
19,Xichang,CN,27.8964,102.2634,65.5,78,90,2.24,overcast clouds
20,Lapeer,US,43.0514,-83.3188,69.67,24,1,4.61,clear sky
21,Mahebourg,MU,-20.4081,57.7,73.26,94,40,6.91,scattered clouds
22,New Norfolk,AU,-42.7826,147.0587,40.5,88,35,3.24,scattered clouds
23,Ketchikan,US,55.3422,-131.6461,53.58,87,90,9.22,light rain
24,Vaini,TO,-21.2,-175.2,73.56,100,90,5.75,overcast clouds
25,Cockburn Town,TC,21.4612,-71.1419,84.16,65,75,17.27,broken clouds
26,Desaguadero,PE,-16.5656,-69.0417,53.92,42,95,13.6,overcast clouds
27,Hithadhoo,MV,-0.6,73.0833,83.37,72,14,17.13,few clouds
28,Albany,US,42.6001,-73.9662,49.08,92,100,6.33,light rain
29,Hilo,US,19.7297,-155.09,81.81,74,1,9.22,clear sky
30,Sao Gabriel Da Cachoeira,BR,-0.1303,-67.0892,87.6,70,20,2.28,few clouds
31,Haines Junction,CA,60.7522,-137.5108,53.55,43,100,5.75,overcast clouds
32,Nikolskoye,RU,59.7035,30.7861,48.09,64,0,1.74,clear sky
33,Busselton,AU,-33.65,115.3333,54.09,63,100,15.57,overcast clouds
34,Bluff,NZ,-46.6,168.3333,49.8,92,100,20.96,overcast clouds
35,Lebu,CL,-37.6167,-73.65,56.16,85,100,10.58,overcast clouds
36,Beziers,FR,43.3476,3.219,69.33,64,0,1.72,clear sky
37,Puerto Ayora,EC,-0.7393,-90.3518,84.16,78,18,8.99,few clouds
38,Sibut,CF,5.718,19.0739,79.05,69,99,1.45,overcast clouds
39,Narsaq,GL,60.9167,-46.05,50.22,61,2,1.74,clear sky
40,Hermanus,ZA,-34.4187,19.2345,55.9,80,95,6.53,overcast clouds
41,Marsa Matruh,EG,31.3525,27.2453,74.25,68,0,22.7,clear sky
42,Sisimiut,GL,66.9395,-53.6735,34.36,83,94,8.19,overcast clouds
43,Carnarvon,AU,-24.8667,113.6333,57.27,94,75,8.05,broken clouds
44,Gazojak,TM,41.1875,61.4036,93.36,11,3,9.44,clear sky
45,Petropavl,KZ,54.8753,69.1628,67.26,39,100,6.69,overcast clouds
46,Avarua,CK,-21.2078,-159.775,75.25,64,20,4.61,few clouds
47,Arlit,NE,18.7369,7.3853,95.83,7,93,13.04,overcast clouds
48,Dicabisagan,PH,17.0818,122.4157,79.23,87,17,2.8,few clouds
49,Rantoul,US,40.3084,-88.1559,71.1,38,1,0.0,clear sky
50,Yumen,CN,40.2833,97.2,59.94,19,5,7.36,clear sky
51,Mabaruma,GY,8.2,-59.7833,77.45,94,100,5.57,overcast clouds
52,Atuona,PF,-9.8,-139.0333,79.61,63,3,8.12,clear sky
53,Yellowknife,CA,62.456,-114.3525,45.12,65,75,6.91,broken clouds
54,Waingapu,ID,-9.6567,120.2641,75.76,83,81,4.12,broken clouds
55,Souillac,MU,-20.5167,57.5167,73.36,94,40,6.51,scattered clouds
56,Yulara,AU,-25.2406,130.9889,53.44,43,97,5.75,overcast clouds
57,Upernavik,GL,72.7868,-56.1549,31.84,92,100,5.44,overcast clouds
58,Mount Gambier,AU,-37.8333,140.7667,40.91,81,8,9.22,clear sky
59,Porto Nacional,BR,-10.7081,-48.4172,91.4,38,26,3.87,scattered clouds
60,Hambantota,LK,6.1241,81.1185,80.17,82,99,19.91,overcast clouds
61,Dingle,PH,10.9995,122.6711,78.26,89,98,0.54,overcast clouds
62,Torbay,CA,47.6666,-52.7314,61.57,44,20,4.61,few clouds
63,Kedougou,SN,12.5579,-12.1743,95.18,31,95,6.35,overcast clouds
64,Tiksi,RU,71.6872,128.8694,33.33,92,36,9.15,scattered clouds
65,Dikson,RU,73.5069,80.5464,29.98,96,100,5.39,overcast clouds
66,Prado,BR,-17.3411,-39.2208,77.23,80,4,9.48,clear sky
67,Bosaso,SO,11.2842,49.1816,87.46,58,6,3.15,clear sky
68,Tuktoyaktuk,CA,69.4541,-133.0374,41.0,52,20,10.36,few clouds
69,Sao Joao Da Barra,BR,-21.6403,-41.0511,80.69,87,84,11.25,broken clouds
70,Jamestown,US,42.097,-79.2353,63.99,48,75,8.05,broken clouds
71,Cherskiy,RU,68.75,161.3,57.47,35,0,7.85,clear sky
72,Geraldton,AU,-28.7667,114.6,57.61,94,75,18.75,broken clouds
73,Port Elizabeth,ZA,-33.918,25.5701,59.29,72,40,11.5,scattered clouds
74,East London,ZA,-33.0153,27.9116,58.08,59,66,5.73,broken clouds
75,Santa Lucia,ES,27.9117,-15.5407,61.92,78,75,14.47,broken clouds
76,Rio Gallegos,AR,-51.6226,-69.2181,35.65,75,40,8.05,scattered clouds
77,Kloulklubed,PW,7.0419,134.2556,81.1,78,100,22.73,overcast clouds
78,Belen,TR,36.4891,36.2233,64.54,73,20,5.23,few clouds
79,Alugan,PH,12.2188,125.4808,77.95,91,93,2.98,overcast clouds
80,Khatanga,RU,71.9667,102.5,36.28,99,98,7.58,overcast clouds
81,Pierre,US,44.3683,-100.351,74.32,23,1,13.8,clear sky
82,Khorixas,NA,-20.3667,14.9667,65.19,28,55,2.95,broken clouds
83,Jiazi,CN,22.8779,116.067,79.7,89,100,2.82,light rain
84,Saint-Philippe,RE,-21.3585,55.7679,70.21,84,20,5.41,light rain
85,Lucapa,AO,-8.4192,20.7447,67.28,39,55,3.8,broken clouds
86,Faya,SA,18.3851,42.4509,71.71,25,11,5.73,few clouds
87,Lompoc,US,34.6391,-120.4579,78.1,73,40,10.36,scattered clouds
88,Hami,CN,42.8,93.45,68.54,13,0,11.88,clear sky
89,Georgetown,MY,5.4112,100.3354,82.89,87,20,3.0,few clouds
90,Lokosovo,RU,61.1333,74.8167,63.99,58,100,11.48,overcast clouds
91,Velez-Malaga,ES,36.7726,-4.1005,83.16,65,100,4.47,overcast clouds
92,Cody,US,44.5263,-109.0565,67.24,23,1,6.91,clear sky
93,Hobart,AU,-42.8794,147.3294,40.86,91,45,4.63,scattered clouds
94,Thompson,CA,55.7435,-97.8558,50.16,66,40,5.75,scattered clouds
95,Lipari,IT,38.4674,14.954,69.33,73,5,0.45,clear sky
96,Saldanha,ZA,-33.0117,17.9442,58.28,79,100,5.35,overcast clouds
97,Pauini,BR,-7.7136,-66.9764,89.87,52,43,2.13,light rain
98,Vestmannaeyjar,IS,63.4427,-20.2734,45.59,87,75,11.5,broken clouds
99,Gravdal,NO,68.1214,13.5031,48.09,81,75,9.22,broken clouds
100,Barrow,US,71.2906,-156.7887,30.22,86,90,13.8,overcast clouds
101,Nalut,LY,30.3333,10.85,87.03,21,62,12.86,broken clouds
102,Kodiak,US,57.79,-152.4072,47.71,93,90,5.75,overcast clouds
103,Westport,US,41.1415,-73.3579,51.84,93,90,1.99,light rain
104,Hays,US,30.0502,-98.0336,85.82,58,98,1.99,overcast clouds
105,La Tuque,CA,47.4334,-72.7824,66.45,22,92,6.91,overcast clouds
106,Enid,US,36.3956,-97.8784,67.01,79,90,10.0,overcast clouds
107,Bambous Virieux,MU,-20.3428,57.7575,73.22,94,40,6.24,scattered clouds
108,Tiznit,MA,29.5833,-9.5,78.35,39,100,3.98,overcast clouds
109,Hamilton,US,39.1834,-84.5333,64.38,66,90,1.01,overcast clouds
110,Cabo San Lucas,MX,22.8909,-109.9124,97.52,54,0,11.97,clear sky
111,Prabumulih,ID,-3.45,104.25,73.71,96,97,2.71,light rain
112,Nadvoitsy,RU,63.8667,34.3167,46.11,61,91,11.27,overcast clouds
113,Quelimane,MZ,-17.8786,36.8883,71.55,94,0,3.44,clear sky
114,Kashi,CN,39.4547,75.9797,76.21,16,40,7.11,scattered clouds
115,Kahului,US,20.8947,-156.47,83.97,66,20,6.91,few clouds
116,Piacabucu,BR,-10.4056,-36.4344,77.47,82,15,9.15,few clouds
117,Santa Rosa,PH,14.3122,121.1114,84.18,87,97,2.75,overcast clouds
118,Luderitz,NA,-26.6481,15.1594,59.29,69,2,16.4,clear sky
119,San Patricio,US,28.017,-97.5169,87.89,55,22,15.5,few clouds
120,Tasiilaq,GL,65.6145,-37.6368,39.36,86,100,12.37,overcast clouds
121,Aklavik,CA,68.2191,-135.0107,47.23,49,40,11.5,scattered clouds
122,Castro,BR,-24.7911,-50.0119,56.43,98,100,3.29,overcast clouds
123,Bandarbeyla,SO,9.4942,50.8122,79.14,85,82,27.31,broken clouds
124,Khasan,RU,42.4308,130.6434,51.93,96,95,6.93,moderate rain
125,Sola,VU,-13.8833,167.55,77.25,84,97,12.64,overcast clouds
126,Faanui,PF,-16.4833,-151.75,80.01,76,100,16.73,overcast clouds
127,Cape Town,ZA,-33.9258,18.4232,56.12,78,0,3.09,clear sky
128,Launceston,AU,-41.45,147.1667,36.16,93,7,1.72,clear sky
129,Provideniya,RU,64.3833,-173.3,48.31,57,0,13.42,clear sky
130,Kungurtug,RU,50.5994,97.5228,32.95,96,100,1.72,light snow
131,Labytnangi,RU,66.6572,66.4183,34.95,72,9,11.16,clear sky
132,Port Alfred,ZA,-33.5906,26.891,58.05,65,97,9.84,overcast clouds
133,Pevek,RU,69.7008,170.3133,38.88,69,6,4.23,clear sky
134,Qaanaaq,GL,77.484,-69.3632,32.49,92,100,5.12,overcast clouds
135,Salalah,OM,17.0151,54.0924,82.49,89,20,5.75,few clouds
136,Leczyca,PL,52.0596,19.1997,56.19,87,11,8.61,few clouds
137,Port Macquarie,AU,-31.4333,152.9167,55.36,78,67,10.16,broken clouds
138,Pedro Ii,BR,-4.4247,-41.4586,79.83,58,51,3.04,broken clouds
139,Kenai,US,60.5544,-151.2583,58.03,69,75,13.8,broken clouds
140,Salvador,SV,13.8333,-88.9167,86.05,45,94,1.1,overcast clouds
141,Tazmalt,DZ,36.3868,4.3989,71.87,58,7,5.17,clear sky
142,Panalingaan,PH,8.7842,117.4231,80.11,83,100,2.77,overcast clouds
143,Coihaique,CL,-45.5752,-72.0662,48.81,93,90,4.61,moderate rain
144,Asau,RO,46.4333,26.4,54.95,82,66,1.43,broken clouds
145,Kaitangata,NZ,-46.2817,169.8464,49.51,94,100,5.93,moderate rain
146,Rocha,UY,-34.4833,-54.3333,49.32,61,4,8.97,clear sky
147,Windhoek,NA,-22.5594,17.0832,64.6,25,0,6.91,clear sky
148,Constitucion,CL,-35.3333,-72.4167,59.29,61,100,9.04,overcast clouds
149,Pingdu,CN,36.7844,119.9464,63.84,93,1,7.07,light rain
150,Huntsville,US,34.7304,-86.5861,75.31,51,1,1.01,clear sky
151,Pershotravneve,UA,51.3929,28.8684,47.98,94,100,4.92,overcast clouds
152,Saskylakh,RU,71.9167,114.0833,36.63,87,90,4.09,overcast clouds
153,Pensacola,US,30.4213,-87.2169,87.39,47,1,1.01,clear sky
154,Richards Bay,ZA,-28.783,32.0377,61.93,74,98,5.46,overcast clouds
155,Kathu,TH,7.9178,98.3332,85.62,83,89,9.62,overcast clouds
156,Lincoln,US,40.8,-96.667,62.55,77,90,4.61,overcast clouds
157,Cidreira,BR,-30.1811,-50.2056,53.82,52,34,8.95,scattered clouds
158,Canutama,BR,-6.5339,-64.3831,86.43,61,96,1.28,overcast clouds
159,Lavrentiya,RU,65.5833,-171.0,35.46,79,6,11.52,clear sky
160,Constantine,DZ,36.365,6.6147,71.01,49,75,8.05,broken clouds
161,Leningradskiy,RU,69.3833,178.4167,36.07,92,79,1.7,broken clouds
162,Comodoro Rivadavia,AR,-45.8667,-67.5,44.46,81,40,1.14,light rain
163,Mogadishu,SO,2.0371,45.3438,78.55,87,88,16.87,overcast clouds
164,Nurota,UZ,40.5614,65.6886,78.89,18,0,7.74,clear sky
165,Butaritari,KI,3.0707,172.7902,82.89,77,96,14.76,overcast clouds
166,Kawalu,ID,-7.3817,108.2082,73.18,97,97,1.68,overcast clouds
167,Mehamn,NO,71.0357,27.8492,42.98,93,75,13.8,broken clouds
168,Bud,US,39.447,-86.1758,69.93,42,0,6.78,clear sky
169,Port Hardy,CA,50.6996,-127.4199,55.58,88,90,17.27,light rain
170,Batsfjord,NO,70.6345,29.7185,43.02,95,100,21.12,overcast clouds
171,Severo-Kurilsk,RU,50.6789,156.125,38.8,97,100,18.81,light rain
172,Ilulissat,GL,69.2167,-51.1,44.62,45,51,4.61,broken clouds
173,Pemba,MZ,-12.974,40.5178,75.9,94,75,7.0,broken clouds
174,Surgut,RU,61.25,73.4167,59.18,100,0,6.29,clear sky
175,Chokurdakh,RU,70.6333,147.9167,57.07,37,21,11.21,few clouds
176,Peachland,CA,49.7665,-119.7357,76.86,30,100,4.85,overcast clouds
177,Kortkeros,RU,61.8106,51.5806,37.4,71,6,4.38,clear sky
178,Chuy,UY,-33.6971,-53.4616,52.39,54,9,8.9,clear sky
179,Victoria,HK,22.2855,114.1577,86.38,88,100,5.01,overcast clouds
180,Port Said,EG,31.2565,32.2841,76.98,69,0,11.5,clear sky
181,Razole,IN,16.4833,81.8333,85.12,78,7,4.18,clear sky
182,Mar Del Plata,AR,-38.0023,-57.5575,55.13,45,0,10.36,clear sky
183,Pisco,PE,-13.7,-76.2167,65.01,94,90,6.91,overcast clouds
184,Pouebo,NC,-20.4,164.5667,66.78,67,42,4.32,scattered clouds
185,Boueni,YT,-12.9025,45.0761,78.78,69,0,3.13,clear sky
186,Whitehorse,CA,60.7161,-135.0538,56.17,43,75,15.01,broken clouds
187,Jizan,SA,17.3333,42.6667,90.54,46,0,1.68,clear sky
188,Airai,TL,-8.9266,125.4092,57.9,87,100,1.63,overcast clouds
189,Mwene-Ditu,CD,-7.0,23.45,67.42,42,48,5.64,scattered clouds
190,Abha,SA,18.2164,42.5053,71.42,64,0,3.33,clear sky
191,Kupang,ID,-10.1667,123.5833,74.95,88,80,5.37,broken clouds
192,Bredasdorp,ZA,-34.5322,20.0403,51.12,93,64,2.64,broken clouds
193,Saint George,US,37.1041,-113.5841,95.47,11,1,1.01,clear sky
194,Matara,LK,5.9485,80.5353,79.59,84,97,14.2,overcast clouds
195,Sikonge,TZ,-5.6333,32.7667,72.14,49,100,3.87,overcast clouds
196,Husavik,IS,66.0449,-17.3389,57.11,56,99,11.36,overcast clouds
197,Guerrero Negro,MX,27.9769,-114.0611,67.55,57,6,17.36,clear sky
198,Kormilovka,RU,55.0026,74.1028,71.35,34,9,16.84,clear sky
199,Smithers,CA,54.7804,-127.1743,50.32,87,90,3.44,overcast clouds
200,Khash,IR,28.2211,61.2158,81.05,8,0,6.13,clear sky
201,Soavinandriana,MG,-19.1667,46.7333,57.79,72,64,2.66,broken clouds
202,Ponta Do Sol,PT,32.6667,-17.1,67.12,69,30,6.17,scattered clouds
203,Svetlogorsk,BY,52.6333,29.7333,46.89,78,100,7.49,overcast clouds
204,San Quintin,MX,30.4833,-115.95,65.57,62,67,15.86,broken clouds
205,Manggar,ID,-2.8833,108.2667,80.51,82,48,4.43,scattered clouds
206,Maniitsoq,GL,65.4167,-52.9,35.17,86,83,5.5,broken clouds
207,Prince Rupert,CA,54.3161,-130.3201,53.69,97,90,6.91,light rain
208,Chalus,IR,36.655,51.4204,74.66,88,75,9.22,broken clouds
209,Nanortalik,GL,60.1432,-45.2371,37.92,85,34,15.35,scattered clouds
210,Broome,US,42.2506,-75.833,50.9,92,90,1.99,light rain
211,Bolivar,US,37.6145,-93.4105,71.11,59,100,4.0,overcast clouds
212,Bilibino,RU,68.0546,166.4372,50.07,45,69,2.19,broken clouds
213,Tsaratanana,MG,-16.7833,47.65,70.14,78,0,5.44,clear sky
214,Klaksvik,FO,62.2266,-6.589,54.52,93,13,19.71,few clouds
215,Fairbanks,US,64.8378,-147.7164,63.1,52,75,0.0,broken clouds
216,Port Keats,AU,-14.25,129.55,67.87,63,100,5.68,overcast clouds
217,Coahuayana,MX,18.7333,-103.6833,92.95,34,99,8.28,overcast clouds
218,Gorom-Gorom,BF,14.4439,-0.2361,97.59,14,1,7.09,clear sky
219,Udachnyy,RU,66.4167,112.4,51.8,44,21,4.56,few clouds
220,North Platte,US,41.1239,-100.7654,62.33,80,90,1.01,overcast clouds
221,Caribou,US,46.8606,-68.012,67.46,26,1,11.5,clear sky
222,Astoria,US,46.1879,-123.8313,76.62,77,1,3.44,clear sky
223,Upata,VE,8.0086,-62.3989,87.19,67,97,8.95,overcast clouds
224,Kuusankoski,FI,60.907,26.6244,52.32,70,0,1.01,clear sky
225,Sitka,US,57.0531,-135.33,53.49,71,90,9.22,light rain
226,Grindavik,IS,63.8424,-22.4338,48.15,81,40,15.57,scattered clouds
227,Codrington,AU,-38.2667,141.9667,39.56,67,3,8.37,clear sky
228,Neath,GB,51.6632,-3.8044,64.29,83,98,5.1,overcast clouds
229,San Onofre,CO,9.7359,-75.5263,85.93,66,66,4.21,broken clouds
230,Goedereede,NL,51.8175,3.9806,63.99,68,0,11.21,clear sky
231,Zamora,EC,-4.0692,-78.9567,85.24,91,100,3.2,light rain
232,Bengkulu,ID,-3.8004,102.2655,75.15,90,90,4.72,overcast clouds
233,Voyvozh,RU,62.892,54.9635,33.44,74,9,4.52,clear sky
234,Natal,BR,-5.795,-35.2094,84.85,61,20,9.6,few clouds
235,Saint-Louis,SN,16.3333,-15.0,96.44,26,30,14.83,scattered clouds
236,Norman Wells,CA,65.282,-126.8329,46.44,66,75,14.97,broken clouds
237,Tondano,ID,1.3038,124.9112,67.77,89,96,0.65,light rain
238,Hasaki,JP,35.7333,140.8333,59.29,72,46,11.03,scattered clouds
239,Tefe,BR,-3.3542,-64.7114,87.91,70,40,6.91,scattered clouds
240,Orapa,BW,-21.2833,25.3667,61.0,27,96,5.73,overcast clouds
241,Fairview,US,40.8126,-73.999,51.62,90,90,10.36,moderate rain
242,Deputatskiy,RU,69.3,139.9,49.01,56,44,5.01,scattered clouds
243,Namibe,AO,-15.1961,12.1522,70.95,72,4,7.07,clear sky
244,Port Blair,IN,11.6667,92.75,81.48,83,100,3.89,overcast clouds
245,Yarada,IN,17.65,83.2667,86.32,94,20,9.51,few clouds
246,Ahipara,NZ,-35.1667,173.1667,57.18,85,69,24.72,broken clouds
247,Esperance,AU,-33.8667,121.9,55.24,85,75,19.89,light rain
248,Vyshkovo,UA,48.0491,23.4211,51.19,94,100,3.09,overcast clouds
249,La Ronge,CA,55.1001,-105.2842,62.85,39,1,8.05,clear sky
250,Carroll,US,39.5501,-77.0164,53.55,80,100,4.0,overcast clouds
251,Adrar,MR,20.5022,-10.0711,89.78,27,100,17.76,overcast clouds
252,Rantauprapat,ID,2.1,99.8333,73.04,95,97,2.55,overcast clouds
253,Lasem,ID,-6.6922,111.4527,77.34,87,55,4.85,broken clouds
254,Semme,FR,46.1963,1.5007,64.81,81,70,5.12,broken clouds
255,Pangnirtung,CA,66.1451,-65.7125,30.2,93,90,2.3,snow
256,Dakar,SN,14.6937,-17.4441,76.08,88,0,11.5,clear sky
257,Vagay,RU,57.9375,69.0217,60.66,63,14,5.28,few clouds
258,Bjornevatn,NO,69.6672,29.9847,44.94,65,75,6.91,broken clouds
259,Sao Mateus,BR,-18.7161,-39.8589,77.36,79,41,7.96,scattered clouds
260,Gat,IL,31.61,34.7642,78.4,43,18,4.03,few clouds
261,Mandalgovi,MN,45.7625,106.2708,37.58,63,58,18.97,broken clouds
262,Damara,CF,4.9608,18.7035,89.02,67,67,1.74,broken clouds
263,Mangan,IN,27.5167,88.5333,72.77,87,100,2.33,overcast clouds
264,Nicoya,CR,10.1483,-85.452,92.75,56,77,5.19,broken clouds
265,Hangu,CN,39.2489,117.7892,59.04,78,68,7.63,light rain
266,Kruisfontein,ZA,-34.0033,24.7314,56.88,76,100,6.64,overcast clouds
267,Kassala,SD,15.451,36.4,97.14,20,86,10.2,overcast clouds
268,Pontian Kecil,MY,1.4801,103.3899,84.27,82,45,4.65,scattered clouds
269,Anchorage,US,61.2181,-149.9003,59.65,79,20,0.0,few clouds
270,Lata,PT,40.1629,-8.3327,68.36,78,8,2.42,clear sky
271,Nome,US,64.5011,-165.4064,53.67,31,20,19.57,few clouds
272,Conceicao Da Barra,BR,-18.5933,-39.7322,77.47,82,49,8.39,scattered clouds
273,Cayenne,GF,4.9333,-52.3333,83.08,81,0,4.0,clear sky
274,Henties Bay,NA,-22.116,14.2845,55.85,86,4,8.19,clear sky
275,Ciudad Guayana,VE,8.3533,-62.6528,90.52,62,73,12.84,broken clouds
276,Oksfjord,NO,70.2396,22.3479,46.47,92,100,9.01,overcast clouds
277,Ciudad Bolivar,VE,8.1222,-63.5497,90.99,43,98,14.56,overcast clouds
278,Zhigansk,RU,66.7697,123.3711,47.93,60,1,11.5,clear sky
279,Monrovia,LR,6.3005,-10.7969,74.97,84,100,9.22,light rain
280,Bangui,CF,4.3612,18.555,89.78,66,40,3.44,scattered clouds
281,Belaya Gora,RU,68.5333,146.4167,58.64,42,14,12.37,few clouds
282,Vila Franca Do Campo,PT,37.7167,-25.4333,66.61,75,26,8.55,scattered clouds
283,Ulaanbaatar,MN,47.9077,106.8832,35.73,75,0,5.91,clear sky
284,Harper,LR,4.375,-7.7169,79.11,86,100,8.39,light rain
285,Sungairaya,ID,0.7,108.9,79.47,81,47,1.92,scattered clouds
286,Praia,CV,14.9215,-23.5087,77.54,65,0,18.41,clear sky
287,Sanming,CN,26.2486,117.6186,71.55,98,100,1.97,overcast clouds
288,Srednekolymsk,RU,67.45,153.6833,59.81,33,9,10.04,clear sky
289,Buta,CD,2.7858,24.73,73.18,88,81,1.52,broken clouds
290,Marzuq,YE,14.4,46.4667,79.27,46,0,2.35,clear sky
291,Prince George,CA,53.9166,-122.753,66.25,41,1,1.01,clear sky
292,Hualmay,PE,-11.0964,-77.6139,68.9,77,63,10.07,broken clouds
293,Wanning,CN,18.8003,110.3967,81.45,83,99,9.69,overcast clouds
294,Brae,GB,60.3964,-1.353,46.31,90,14,9.84,few clouds
295,Selcuk,TR,37.9514,27.3685,71.42,69,94,0.85,overcast clouds
296,Ballina,AU,-28.8667,153.5667,57.24,72,75,11.5,broken clouds
297,Yerofey Pavlovich,RU,53.9667,121.9667,42.82,95,94,4.7,overcast clouds
298,Pocatello,US,42.8713,-112.4455,75.47,21,20,7.0,few clouds
299,Half Moon Bay,US,37.4636,-122.4286,90.57,62,20,10.94,few clouds
300,Meulaboh,ID,4.1363,96.1285,76.41,86,97,2.35,overcast clouds
301,Riyadh,SA,24.6877,46.7219,98.65,8,0,5.75,clear sky
302,Velizh,RU,55.6056,31.1967,44.67,65,85,6.87,overcast clouds
303,Pimenta Bueno,BR,-11.6725,-61.1936,87.37,52,91,3.71,overcast clouds
304,Belm,DE,52.3,8.1333,64.15,85,0,5.21,clear sky
305,Ribeira Grande,PT,38.5167,-28.7,68.4,68,40,11.5,scattered clouds
306,Hovd,MN,48.0056,91.6419,47.82,39,3,1.66,clear sky
307,Prince Albert,CA,53.2001,-105.7677,67.95,22,20,6.91,few clouds
308,Fukue,JP,32.6881,128.8419,67.91,72,0,4.21,clear sky
309,Clyde River,CA,70.4692,-68.5914,30.43,86,75,3.44,broken clouds
310,Vanimo,PG,-2.6741,141.3028,76.93,90,99,6.35,light rain
311,Nokaneng,BW,-19.6667,22.2667,62.15,28,98,4.27,overcast clouds
312,Vao,NC,-22.6667,167.4833,69.15,61,95,14.83,overcast clouds
313,Poletayevo,RU,55.0336,61.1138,62.42,90,100,4.0,overcast clouds
314,Jhawarian,PK,32.3614,72.6228,89.58,39,0,5.77,clear sky
315,Ayan,RU,56.45,138.1667,37.65,95,96,4.79,overcast clouds
316,Dahanu,IN,19.9667,72.7333,84.16,79,88,9.46,overcast clouds
317,Pacific Grove,US,36.6177,-121.9166,81.81,75,1,4.0,clear sky
318,Colares,PT,38.7992,-9.4469,74.88,59,0,12.66,clear sky
319,Tecpan,GT,14.7623,-90.9947,69.12,70,96,3.8,overcast clouds
320,Katobu,ID,-4.9408,122.5276,73.85,93,73,3.13,broken clouds
321,Canto Do Buriti,BR,-8.11,-42.9444,92.28,22,54,7.67,broken clouds
322,College,US,64.8569,-147.8028,63.09,51,75,0.0,broken clouds
323,Sadsalan,PH,6.8231,124.6222,73.8,97,100,3.02,heavy intensity rain
324,Mezen,RU,65.8522,44.24,41.2,70,98,8.48,overcast clouds
325,Laguna,US,38.421,-121.4238,94.44,38,1,5.23,clear sky
326,Namuac,PH,18.6109,121.1657,79.84,84,67,4.81,broken clouds
327,Te Anau,NZ,-45.4167,167.7167,47.57,95,100,6.55,light rain
328,Isla Vista,US,34.4133,-119.861,89.11,67,1,8.05,clear sky
329,La Tijera,MX,19.9,-104.4,85.37,15,94,7.2,overcast clouds
330,Houma,US,29.5958,-90.7195,82.99,63,1,4.61,clear sky
331,Vardo,NO,70.3705,31.1107,43.0,75,75,10.36,broken clouds
332,Saint-Augustin,CA,51.226,-58.6502,62.62,34,5,9.31,clear sky
333,Tremedal,BR,-14.9758,-41.4108,83.25,36,31,9.64,scattered clouds
334,Kuryk,KZ,43.2,51.65,74.84,54,4,22.1,clear sky
335,Tongliao,CN,43.6125,122.2653,55.44,55,37,9.04,scattered clouds
336,Kharp,RU,66.8014,65.8081,33.3,82,29,10.69,scattered clouds
337,Lalmohan,BD,22.3384,90.7419,83.05,84,69,11.97,broken clouds
338,Anadyr,RU,64.75,177.4833,43.3,65,0,6.26,clear sky
339,Ormara,PK,25.2088,64.6357,83.88,83,0,22.5,clear sky
340,Bourg-Les-Valence,FR,44.956,4.9102,65.46,75,76,2.01,broken clouds
341,Aripuana,BR,-9.1667,-60.6333,90.86,42,61,2.89,broken clouds
342,Valparaiso,CL,-33.0393,-71.6273,75.43,38,0,23.02,clear sky
343,Nesbyen,NO,60.5681,9.1027,71.74,58,84,3.67,broken clouds
344,Semey,KZ,50.4111,80.2275,57.33,57,16,6.4,few clouds
345,Strelka,RU,58.0728,93.0344,35.94,76,1,2.04,clear sky
346,Vani,GE,42.0832,42.5216,62.29,94,0,5.1,clear sky
347,Vostok,RU,46.4856,135.8833,42.28,90,100,2.73,overcast clouds
348,Alofi,NU,-19.0595,-169.9187,78.69,94,51,3.44,moderate rain
349,Vanavara,RU,60.34,102.2797,34.65,94,47,3.27,scattered clouds
350,Bauchi,NG,10.5,10.0,86.65,29,41,5.44,scattered clouds
351,Pochutla,MX,15.7432,-96.4661,91.81,47,42,10.2,scattered clouds
352,Paracuru,BR,-3.41,-39.0306,86.02,77,5,9.98,clear sky
353,Kapit,MY,2.0167,112.9333,73.11,98,100,0.74,overcast clouds
354,Hofn,IS,64.2539,-15.2082,46.67,99,100,19.3,overcast clouds
355,Gobabis,NA,-22.45,18.9667,60.26,26,17,7.43,few clouds
356,Port-Cartier,CA,50.0334,-66.8654,61.02,39,0,7.14,clear sky
357,Aasiaat,GL,68.7098,-52.8699,33.6,88,36,12.95,scattered clouds
358,Mecca,SA,21.4267,39.8261,91.4,35,69,4.05,broken clouds
359,Najran,SA,17.4924,44.1277,88.45,14,1,5.32,clear sky
360,Dalvik,IS,65.9702,-18.5286,57.13,64,98,7.56,overcast clouds
361,Rizhao,CN,35.4275,119.4553,62.38,96,8,5.95,clear sky
362,Pokhara,NP,28.2333,83.9833,70.61,74,38,5.06,scattered clouds
363,Cortes,ES,41.9395,-1.4396,75.6,72,46,4.9,scattered clouds
364,Santiago,CL,-33.4569,-70.6483,69.17,37,100,4.61,overcast clouds
365,New Iberia,US,30.0035,-91.8187,82.96,57,1,8.05,clear sky
366,Volzhsk,RU,55.8664,48.3594,47.03,61,99,13.29,light rain
367,Kikwit,CD,-5.041,18.8162,76.82,45,99,2.21,overcast clouds
368,Kisanga,TZ,-7.4362,37.7034,69.26,78,13,1.68,few clouds
369,Martin,US,27.0837,-80.4164,87.98,68,100,5.77,overcast clouds
370,Fortuna,US,40.5982,-124.1573,62.85,74,94,5.99,overcast clouds
371,Skrunda,LV,56.6833,22.0167,49.66,75,4,4.23,clear sky
372,Chicama,PE,-7.8447,-79.1469,66.74,65,44,10.04,scattered clouds
373,Caxito,AO,-8.5785,13.6643,77.65,95,55,0.67,broken clouds
374,Labuhan,ID,-6.8844,112.2051,78.1,86,98,5.66,overcast clouds
375,Grand Gaube,MU,-20.0064,57.6608,73.38,83,50,3.0,scattered clouds
376,Lovozero,RU,68.005,35.0117,42.01,76,80,2.57,broken clouds
377,Verkhoyansk,RU,67.5447,133.385,46.96,83,100,6.76,light rain
378,Nogliki,RU,51.8333,143.1667,37.45,80,100,9.08,overcast clouds
379,Aguimes,ES,27.9054,-15.4461,66.83,78,75,23.02,broken clouds
380,Egvekinot,RU,66.3167,-179.1667,41.79,42,29,6.55,scattered clouds
381,Roald,NO,62.5833,6.1333,55.45,81,20,9.22,few clouds
382,Noumea,NC,-22.2763,166.4572,69.01,99,98,10.96,overcast clouds
383,Tazovskiy,RU,67.4667,78.7,37.69,87,100,8.88,overcast clouds
384,Caravelas,BR,-17.7125,-39.2481,77.14,80,9,7.34,clear sky
385,Jelenia Gora,PL,50.8997,15.729,49.46,99,6,1.74,clear sky
386,Kirakira,SB,-10.4544,161.9205,77.29,90,100,7.52,overcast clouds
387,Imbituba,BR,-28.24,-48.6703,62.49,65,93,7.23,overcast clouds
388,Mayo,US,38.8876,-76.5119,55.96,81,90,8.99,overcast clouds
389,Port Augusta,AU,-32.5,137.7667,37.54,37,100,3.65,overcast clouds
390,Ankang,CN,32.68,109.0172,69.93,85,86,1.39,overcast clouds
391,Malanje,AO,-9.5402,16.341,64.89,46,52,2.75,broken clouds
392,Owensboro,US,37.7742,-87.1133,71.19,42,1,9.22,clear sky
393,Roma,US,43.2128,-75.4557,55.54,77,90,9.22,light rain
394,Amapa,BR,1.0,-52.0,79.5,86,41,4.21,light rain
395,Orodara,BF,10.9492,-4.9342,84.58,77,90,12.82,light rain
396,La Union,PE,-5.4,-80.75,83.05,50,6,15.9,clear sky
397,Burnie,AU,-41.0667,145.9167,43.92,89,34,2.98,scattered clouds
398,Piracuruca,BR,-3.9281,-41.7092,83.21,68,87,4.68,overcast clouds
399,Xining,CN,36.6167,101.7667,52.95,61,74,5.03,broken clouds
400,Mount Isa,AU,-20.7333,139.5,49.77,53,8,2.3,clear sky
401,Iracoubo,GF,5.4802,-53.2011,80.22,82,100,9.33,overcast clouds
402,Nouadhibou,MR,20.931,-17.0347,73.38,68,19,13.8,few clouds
403,Picos,BR,-7.0769,-41.4669,93.61,24,92,7.16,overcast clouds
404,Barranca,PE,-10.75,-77.7667,67.71,78,73,10.38,broken clouds
405,Padang,ID,-0.9492,100.3543,75.22,95,96,2.71,overcast clouds
406,Bontang,ID,0.1333,117.5,78.15,87,100,5.44,overcast clouds
407,Severnyy,RU,50.677,36.5532,51.84,93,90,6.71,overcast clouds
408,Ancud,CL,-41.8697,-73.8203,55.22,94,100,17.96,moderate rain
409,Honiara,SB,-9.4333,159.95,76.84,88,100,3.31,overcast clouds
410,Yar-Sale,RU,66.8333,70.8333,36.23,67,5,16.06,clear sky
411,Zyryanka,RU,65.75,150.85,57.76,42,26,15.5,scattered clouds
412,Sangar,RU,63.9242,127.4739,43.0,79,0,2.08,clear sky
413,Wad Madani,SD,14.4012,33.5199,95.94,25,65,7.31,broken clouds
414,Coria,ES,39.9879,-6.5377,82.45,35,68,6.29,broken clouds
415,Mahibadhoo,MV,3.7833,72.9667,83.57,70,96,21.32,overcast clouds
416,Idukki,IN,9.85,76.9667,69.46,98,71,2.62,broken clouds
417,Yorkton,CA,51.2167,-102.4677,55.24,58,75,10.36,broken clouds
418,Palmer,US,42.1584,-72.3287,50.38,85,90,1.01,light rain
419,Sept-Iles,CA,50.2001,-66.3821,61.32,33,20,6.91,few clouds
420,Abakaliki,NG,6.3163,8.1169,87.15,78,47,10.33,scattered clouds
421,Ishigaki,JP,24.3448,124.1572,80.46,81,100,6.53,overcast clouds
422,Tautira,PF,-17.7333,-149.15,80.62,78,99,18.01,overcast clouds
423,Katsina,NG,12.9894,7.6006,91.2,8,4,9.1,clear sky
424,Ilinskoye-Khovanskoye,RU,56.9718,39.7684,45.73,62,48,10.07,light rain
425,Galveston,US,29.3669,-94.9669,85.17,79,75,1.01,broken clouds
426,Saint-Pierre,RE,-21.3393,55.4781,69.48,53,0,8.05,clear sky
427,Terre Haute,US,39.4667,-87.4139,71.06,40,1,1.99,clear sky
428,Snasa,NO,64.2457,12.3778,49.41,60,100,4.0,overcast clouds
429,Port Lincoln,AU,-34.7333,135.8667,55.35,40,100,12.95,overcast clouds
430,Quime,BO,-16.9833,-67.2167,56.32,69,83,5.68,broken clouds
431,Chimore,BO,-16.9833,-65.1333,76.33,74,98,3.56,overcast clouds
432,Panzhihua,CN,26.5851,101.7128,70.92,79,5,3.44,clear sky
433,Fare,PF,-16.7,-151.0167,79.95,76,100,16.64,overcast clouds
434,Sobolevo,RU,54.4299,31.8996,45.86,69,100,8.5,overcast clouds
435,Sinnamary,GF,5.3833,-52.95,80.65,81,87,9.08,overcast clouds
436,Gawler,AU,-34.6,138.7333,53.35,46,59,7.63,broken clouds
437,Berdyaush,RU,55.1619,59.1464,56.5,97,100,1.57,overcast clouds
438,Agadez,NE,19.75,10.25,92.59,8,98,8.12,overcast clouds
439,San Juan,AR,-31.5375,-68.5364,71.73,28,0,5.86,clear sky
440,Seoul,KR,37.5683,126.9778,63.91,94,90,3.83,overcast clouds
441,Barinas,VE,8.6226,-70.2075,96.84,46,25,8.05,scattered clouds
442,Iquique,CL,-20.2208,-70.1431,64.44,78,98,9.66,overcast clouds
443,Ust-Kuyga,RU,70.0167,135.6,55.13,52,97,2.89,overcast clouds
444,Sirnak,TR,37.5228,42.4594,60.19,35,0,1.41,clear sky
445,Lebork,PL,54.5392,17.7501,50.76,82,10,3.85,clear sky
446,Singaraja,ID,-8.112,115.0882,77.16,80,50,3.96,scattered clouds
447,Beringovskiy,RU,63.05,179.3167,37.09,73,25,10.18,scattered clouds
448,Baherden,TM,38.4362,57.4316,95.77,11,3,10.49,clear sky
449,Charlestown,AU,-32.95,151.6667,53.82,87,69,1.01,broken clouds
450,Kibre Mengist,ET,5.8833,38.9833,55.85,90,91,1.01,overcast clouds
451,Agadir,MA,30.4202,-9.5982,72.05,57,100,5.99,overcast clouds
452,Portland,US,45.5234,-122.6762,79.61,47,75,1.01,broken clouds
453,Sokolovyy,RU,51.5686,45.8331,61.34,90,100,1.1,overcast clouds
454,Saint-Leu,RE,-21.15,55.2833,68.86,77,3,2.53,clear sky
455,Souris,CA,49.6172,-100.2612,65.73,46,27,17.13,scattered clouds
456,Sungaipenuh,ID,-2.0833,101.3833,64.63,98,100,1.74,overcast clouds
457,Buala,SB,-8.145,159.5921,79.14,84,82,3.8,broken clouds
458,Kokopo,PG,-4.352,152.2633,76.68,88,61,7.02,broken clouds
459,Ariquemes,BR,-9.9133,-63.0408,89.64,44,12,3.94,few clouds
460,Nelson,NZ,-41.2833,173.2833,48.29,97,100,1.01,overcast clouds
461,Isangel,VU,-19.55,169.2667,71.24,73,48,7.47,scattered clouds
462,Vershino-Shakhtaminskiy,RU,51.3012,117.8868,40.24,82,100,1.79,overcast clouds
463,Manavalakurichi,IN,8.1333,77.3,82.49,84,87,16.58,overcast clouds
464,Sarapulka,RU,56.8678,61.0552,62.42,96,100,12.26,overcast clouds
465,Bayan,CN,46.0833,127.4,52.54,89,39,2.28,scattered clouds
466,Domoni,KM,-12.2569,44.5319,76.78,83,0,4.05,clear sky
467,Nongan,CN,44.382,125.1685,55.81,56,68,7.58,broken clouds
468,Pervomayskoye,RU,43.919,46.7102,65.28,72,48,8.01,scattered clouds
469,Lorengau,PG,-2.0226,147.2712,80.92,83,100,7.52,overcast clouds
470,Guarumal,PA,8.35,-82.5333,87.93,66,40,8.59,scattered clouds
471,Oksovskiy,RU,62.6062,39.8984,35.49,67,0,2.57,clear sky
472,Quatre Cocos,MU,-20.2078,57.7625,73.09,82,41,6.67,scattered clouds
473,Hobyo,SO,5.3505,48.5268,79.18,83,64,22.24,broken clouds
474,Jiangyou,CN,31.7667,104.7167,70.03,79,92,1.86,overcast clouds
475,Mumford,GH,5.2618,-0.759,81.03,83,76,11.61,broken clouds
476,Ballybofey,IE,54.8,-7.7833,67.75,90,41,8.46,scattered clouds
477,Mattru,SL,7.6244,-11.8332,75.72,96,100,2.82,light rain
478,Teya,RU,60.3778,92.6267,35.8,72,71,3.02,broken clouds
479,Uruguaiana,BR,-29.7547,-57.0883,62.53,39,0,6.91,clear sky
480,Jaru,BR,-10.4389,-62.4664,86.18,62,41,4.03,scattered clouds
481,Manacapuru,BR,-3.2997,-60.6206,84.78,71,94,3.27,overcast clouds
482,Lure,FR,47.75,6.5,65.57,34,0,7.87,clear sky
483,Havre-Saint-Pierre,CA,50.2334,-63.5986,61.16,41,1,10.36,clear sky
484,Flin Flon,CA,54.7682,-101.865,55.24,47,20,6.24,few clouds
485,Sapa,PH,5.1544,120.3241,81.34,80,98,3.38,overcast clouds
486,Fallon,US,39.4735,-118.7774,85.42,10,20,5.75,few clouds
487,Murray Bridge,AU,-35.1167,139.2667,53.56,46,99,8.88,overcast clouds
488,Methoni,GR,36.8197,21.7049,67.86,79,3,10.63,clear sky
489,Teguise,ES,29.0605,-13.564,66.42,73,20,17.96,few clouds
490,Yanam,IN,16.7333,82.2167,85.24,76,6,4.94,clear sky
491,Dayong,CN,25.0209,118.2898,74.88,95,100,1.97,overcast clouds
492,Zhaoyuan,CN,37.3592,120.3964,61.0,93,0,4.9,light rain
493,Preobrazheniye,RU,42.9019,133.9064,45.86,94,100,8.86,overcast clouds
494,Maunabo,PR,18.0072,-65.8993,87.62,78,8,11.79,clear sky
495,Saquarema,BR,-22.92,-42.5103,78.94,91,100,10.85,light rain
496,Axim,GH,4.8699,-2.2405,80.62,81,77,8.99,broken clouds
497,Svobodnyy,RU,51.4,128.1333,46.6,97,50,6.73,scattered clouds
498,Marsh Harbour,BS,26.5412,-77.0636,79.39,73,60,9.24,broken clouds
499,Varna,BG,43.2167,27.9167,64.24,81,0,5.75,light rain
500,Ambovombe,MG,-25.1667,46.0833,66.79,81,0,3.74,clear sky
501,Salaga,GH,8.5508,-0.5188,84.13,64,21,7.2,light rain
502,Thai Binh,VN,20.45,106.3333,86.0,72,99,8.99,overcast clouds
503,Tual,ID,-5.6667,132.75,81.45,76,100,18.19,overcast clouds
504,Beloha,MG,-25.1667,45.05,65.35,81,2,2.98,clear sky
505,Shama,CN,33.6102,104.2852,51.58,85,79,4.5,broken clouds
506,Poya,NC,-21.35,165.15,67.66,69,96,5.84,overcast clouds
507,Sinjai,ID,-5.1241,120.253,74.35,90,94,3.87,overcast clouds
508,Gigmoto,PH,13.7796,124.39,80.42,81,100,1.32,overcast clouds
509,Rucar,RO,45.4,25.1667,52.45,93,100,4.68,overcast clouds
510,Inta,RU,66.0317,60.1659,36.99,70,89,8.34,overcast clouds
511,Afyonkarahisar,TR,38.75,30.6667,62.56,55,100,7.99,overcast clouds
512,Bugasong,PH,11.0439,122.0659,80.13,84,90,3.09,overcast clouds
513,Bani,DO,18.2833,-70.3333,85.86,61,7,14.88,clear sky
514,Tuatapere,NZ,-46.1333,167.6833,49.82,95,100,6.11,overcast clouds
515,Yaan,NG,7.3833,8.5667,82.31,67,38,5.86,light rain
516,Birobidzhan,RU,48.8,132.95,46.6,84,45,4.79,scattered clouds
517,Necochea,AR,-38.5473,-58.7368,56.03,45,70,11.36,broken clouds
518,Acapulco,MX,16.8634,-99.8901,89.42,55,40,9.89,scattered clouds
519,Oistins,BB,13.0667,-59.5333,86.09,54,75,23.02,broken clouds
520,Cartagena,CO,10.3997,-75.5144,83.25,72,99,7.4,overcast clouds
521,Kinkala,CG,-4.3614,14.7644,82.71,69,100,1.39,overcast clouds
522,Palu,ID,-0.8917,119.8707,75.74,94,89,2.86,moderate rain
523,Pedernales,DO,18.0384,-71.744,84.7,63,66,3.51,broken clouds
524,Quirinopolis,BR,-18.4483,-50.4517,86.02,36,98,1.25,light rain
525,Barbate,ES,36.1924,-5.9219,77.58,74,100,13.24,overcast clouds
526,Berlevag,NO,70.8578,29.0864,41.0,87,75,20.71,broken clouds
527,Kamyshlov,RU,56.8428,62.7111,59.68,95,100,14.45,light rain
528,Chapais,CA,49.7834,-74.8492,65.98,24,7,7.14,clear sky
529,Touros,BR,-5.1989,-35.4608,85.1,81,61,12.1,broken clouds
530,Vulcan,RO,45.3833,23.2667,45.19,87,89,4.92,overcast clouds
531,Opuwo,NA,-18.0607,13.84,64.27,28,74,6.6,broken clouds
532,Dongsheng,CN,39.8161,109.9776,67.66,26,99,18.34,overcast clouds
533,Sovkhoznyy,RU,45.2946,38.1138,66.13,95,9,8.57,clear sky
534,Maragheh,IR,37.3917,46.2398,65.17,31,0,1.97,clear sky
535,Sao Felix Do Xingu,BR,-6.6447,-51.995,86.41,54,53,3.6,broken clouds
536,Thinadhoo,MV,0.5333,72.9333,83.1,72,24,18.23,few clouds
537,Poltavka,RU,54.3663,71.7632,66.13,39,13,8.5,few clouds
538,Naze,JP,28.3667,129.4833,71.37,81,100,14.34,overcast clouds
539,Kiunga,PG,-6.1219,141.2906,73.69,94,100,2.89,overcast clouds
540,Sabha,LY,27.0377,14.4283,92.34,12,2,14.76,clear sky
541,Shitanjing,CN,39.2342,106.3439,65.73,38,100,18.9,overcast clouds
542,Coquimbo,CL,-29.9533,-71.3436,58.73,82,20,2.55,few clouds
543,Emerald,AU,-23.5333,148.1667,51.94,54,0,8.05,clear sky
544,Nadadores,MX,27.05,-101.6,85.15,52,94,6.96,overcast clouds
545,Lunino,RU,53.5918,45.2271,48.18,83,100,12.53,overcast clouds
546,Daru,PG,-9.0763,143.2092,77.9,78,100,14.29,overcast clouds
547,Road Town,VG,18.4167,-64.6167,85.19,70,40,9.22,scattered clouds
548,Saint Paul,US,44.9444,-93.0933,60.82,88,90,3.0,overcast clouds
549,Darlawn,IN,24.0167,92.9,69.89,89,53,2.19,broken clouds
550,Young,UY,-32.6833,-57.6333,61.23,51,0,4.92,clear sky
551,Fort-Shevchenko,KZ,44.5086,50.263,71.01,83,9,20.42,clear sky
552,Acarau,BR,-2.8856,-40.12,80.49,75,4,14.05,clear sky
553,Truro,GB,50.2653,-5.0544,60.08,86,8,8.32,clear sky
554,Ugoofaaru,MV,5.6667,73.0,83.46,73,100,20.67,overcast clouds
555,Tura,IN,25.5198,90.2201,73.83,94,67,4.12,broken clouds
556,Les Cayes,HT,18.2,-73.75,84.78,64,7,10.69,clear sky
557,Beitbridge,ZW,-22.2167,30.0,66.36,45,0,14.7,clear sky
558,Walvis Bay,NA,-22.9575,14.5053,56.08,94,3,7.96,clear sky
559,Mackay,AU,-21.15,149.2,64.69,88,40,10.36,scattered clouds
560,Guarapari,BR,-20.6667,-40.4975,85.91,83,100,8.55,overcast clouds
561,Zhangye,CN,38.9342,100.4517,65.53,32,100,9.01,overcast clouds
562,Manta,EC,-0.95,-80.7333,80.38,74,75,11.5,broken clouds
563,Barra Do Garcas,BR,-15.89,-52.2567,90.18,48,20,3.98,few clouds
564,Svit,SK,49.0601,20.2069,47.89,86,75,2.3,broken clouds
565,Novikovo,RU,51.1537,37.8879,51.22,93,100,8.05,overcast clouds
566,Taybad,IR,34.74,60.7756,84.04,10,0,8.55,clear sky
567,Havelock,US,34.8791,-76.9013,64.35,88,90,4.0,overcast clouds
568,Gijon,ES,43.5357,-5.6615,63.86,85,6,1.99,clear sky
569,Alice Springs,AU,-23.7,133.8833,42.35,56,81,4.09,broken clouds
570,Borogontsy,RU,62.6683,131.1683,45.68,91,100,6.49,overcast clouds
571,Baghmara,IN,23.795,86.2085,82.58,72,6,4.74,clear sky
572,Galesong,ID,-5.3166,119.3661,71.62,83,92,4.05,overcast clouds
573,Porto Novo,BJ,6.4965,2.6036,82.22,79,80,8.63,broken clouds
574,Del Rio,US,29.3627,-100.8968,86.43,56,75,7.0,broken clouds
575,Normandin,CA,48.8333,-72.5321,64.71,34,17,6.91,few clouds
576,Misratah,LY,32.3754,15.0925,71.85,69,6,9.84,clear sky
577,Poum,NC,-20.2333,164.0167,70.81,72,54,16.78,broken clouds
578,Weligama,LK,5.9667,80.4167,79.68,84,97,14.5,overcast clouds
579,Takaka,NZ,-40.85,172.8,48.97,83,100,4.61,light rain
580,Gezing,AT,47.9178,13.1299,52.05,58,40,3.06,scattered clouds
581,Lebedinyy,RU,58.5167,125.5167,46.8,72,62,10.45,broken clouds
582,Paamiut,GL,61.994,-49.6678,35.51,89,17,21.32,few clouds
583,Elk City,US,35.412,-99.4043,75.18,73,90,8.05,overcast clouds
584,Igarka,RU,67.4667,86.5833,44.82,94,100,22.57,moderate rain
585,Aswan,EG,24.0934,32.907,94.01,10,89,9.01,overcast clouds
586,Korla,CN,41.7597,86.1469,76.48,20,3,5.77,clear sky
587,Stromness,GB,58.965,-3.296,48.45,93,0,13.69,clear sky
588,Ingham,US,42.6,-84.3833,70.84,35,1,4.61,clear sky
589,Bangassou,CF,4.7413,22.8184,72.5,93,83,1.41,light rain
590,Concarneau,FR,47.875,-3.9225,66.99,86,68,9.1,broken clouds
591,Susaki,JP,33.3667,133.2833,62.51,75,0,4.68,clear sky
592,Avera,US,33.194,-82.5271,81.72,35,0,5.46,clear sky
593,Myitkyina,MM,25.3833,97.4,73.09,99,51,0.85,broken clouds
594,Bobrovka,RU,54.047,61.7455,63.09,89,17,8.5,light rain
595,Orbetello,IT,42.4408,11.2196,63.79,47,11,9.33,few clouds
596,Pervomayskiy,RU,53.2485,40.2871,45.12,92,100,12.93,overcast clouds
597,Collie,AU,-33.3667,116.15,51.98,85,94,8.05,overcast clouds
598,Epinal,FR,48.1833,6.45,65.16,63,0,8.3,clear sky
599,Elwood,AU,-37.8817,144.983,43.99,85,0,1.01,clear sky
600,Hastings,GB,50.8552,0.5729,55.2,74,0,12.68,clear sky
601,Wahlern,CH,46.8281,7.3532,57.92,46,0,8.01,clear sky
602,Virginia Beach,US,36.8529,-75.978,59.05,89,90,16.11,overcast clouds
603,Karratha,AU,-20.7377,116.8463,67.41,63,14,11.32,few clouds
604,Cardston,CA,49.2,-113.3019,66.81,27,3,4.61,clear sky
605,Norfolk,US,42.1668,-71.2495,49.96,96,90,1.01,light rain
606,Bedele,ET,8.456,36.353,56.75,58,5,3.53,clear sky
607,Wolnzach,DE,48.6038,11.6257,56.82,41,1,7.49,clear sky
608,Tamiahua,MX,21.2667,-97.45,88.27,59,18,14.03,few clouds
609,Tulun,RU,54.5611,100.5792,35.67,99,100,3.65,light rain
610,Catmon,PH,10.7167,124.0,78.04,89,99,3.89,overcast clouds
611,Alpena,US,45.0617,-83.4327,64.54,59,5,7.0,clear sky
612,Aksarka,RU,66.5606,67.7975,35.71,67,8,10.8,clear sky
613,Heiligenhafen,DE,54.3667,10.9833,55.26,74,0,6.13,clear sky
614,Viedma,AR,-40.8135,-62.9967,54.28,46,100,19.53,overcast clouds
615,Iqaluit,CA,63.7506,-68.5145,42.53,70,75,8.99,broken clouds
616,Moshenskoye,RU,58.5102,34.5911,37.92,66,2,5.53,clear sky
617,Labuan,MY,5.2767,115.2417,79.16,94,20,0.0,few clouds
618,Alyangula,AU,-13.8483,136.4192,66.07,100,100,9.66,overcast clouds
619,Takoradi,GH,4.8845,-1.7554,80.92,82,68,9.4,broken clouds
620,Shelabolikha,RU,53.4131,82.6167,62.06,67,9,5.82,clear sky
621,Moose Factory,CA,51.2585,-80.6094,75.2,23,1,12.66,clear sky
622,Gogrial,SS,8.5332,28.1004,89.85,34,77,5.44,broken clouds
623,Pitsunda,GE,43.1592,40.3378,62.78,83,0,4.72,clear sky
624,Speedway,US,39.8023,-86.2672,70.74,38,0,5.95,clear sky
625,Kavaratti,IN,10.5669,72.642,82.87,76,80,17.07,broken clouds
626,North Bend,US,43.4065,-124.2243,78.98,74,93,1.01,overcast clouds
627,Shaping,CN,22.7545,112.9565,83.89,84,99,5.82,overcast clouds
628,Kandrian,PG,-6.2167,149.55,77.86,91,99,11.03,moderate rain
629,Chojnice,PL,53.6955,17.557,50.31,75,12,6.4,few clouds
630,Lagoa,PT,39.05,-27.9833,63.57,80,88,9.55,overcast clouds
631,Nyurba,RU,63.2842,118.3319,48.58,53,23,4.07,few clouds
632,Nouakchott,MR,18.0858,-15.9785,71.53,71,23,24.99,few clouds
633,Abu Samrah,SY,35.3029,37.1841,72.18,42,0,5.97,clear sky
634,Luocheng,CN,29.3848,104.0286,68.99,87,100,1.88,overcast clouds
635,Aldan,RU,58.6031,125.3894,46.89,75,61,7.61,broken clouds
636,Sokoto,NG,13.0609,5.239,93.63,23,27,4.63,scattered clouds
637,Kudahuvadhoo,MV,2.6708,72.8944,83.84,72,46,21.21,scattered clouds
638,Pontes E Lacerda,BR,-15.2261,-59.3353,92.68,28,12,4.21,few clouds
639,Katsuura,JP,35.1333,140.3,66.31,78,4,12.77,clear sky
640,Ixtlan Del Rio,MX,21.0333,-104.3667,97.14,11,9,7.74,clear sky
641,Puerto Del Rosario,ES,28.5004,-13.8627,69.55,78,40,17.27,scattered clouds
642,Rio Grande,BR,-32.035,-52.0986,59.11,49,0,10.04,clear sky
643,Toktogul,KG,41.8708,72.9402,60.89,83,100,1.43,overcast clouds
644,Dandeli,IN,15.2667,74.6167,72.57,95,91,2.84,overcast clouds
645,Batagay-Alyta,RU,67.8006,130.4114,43.05,78,100,5.32,overcast clouds
646,Sao Paulo De Olivenca,BR,-3.3783,-68.8725,81.03,82,100,3.47,overcast clouds
647,Port Townsend,US,48.117,-122.7605,70.7,71,1,10.0,clear sky
648,Kampong Thum,KH,12.7111,104.8887,80.89,79,19,4.09,few clouds
649,Dunedin,NZ,-45.8742,170.5036,51.8,94,100,1.01,light rain
650,Kijang,KR,35.2442,129.2139,62.33,81,11,2.21,few clouds
651,Qena,EG,26.1615,32.7183,93.36,8,100,9.48,overcast clouds
652,Phalaborwa,ZA,-23.943,31.1411,63.68,72,0,13.62,clear sky
653,Muret,FR,43.3333,1.25,72.84,76,32,1.01,scattered clouds
654,Khani,GE,41.9563,42.9566,54.97,93,45,3.76,scattered clouds
655,Shadegan,IR,30.6497,48.6647,100.31,10,0,11.43,clear sky
656,Beaverlodge,CA,55.2166,-119.4361,67.35,35,100,13.78,overcast clouds
657,Eidfjord,NO,60.4675,7.0719,73.6,60,79,4.94,broken clouds
658,Kununurra,AU,-15.7667,128.7333,58.98,82,62,3.44,broken clouds
659,Padilla,CO,3.2204,-76.3139,80.26,70,65,1.32,broken clouds
660,Sakakah,SA,29.9697,40.2064,89.17,14,78,7.2,broken clouds
661,Cravo Norte,CO,6.3017,-70.2041,83.46,69,100,4.59,moderate rain
662,Pozo Colorado,PY,-23.4923,-58.7972,75.24,26,100,7.99,overcast clouds
663,Canon City,US,38.441,-105.2424,69.62,65,90,8.99,overcast clouds
664,Sarakhs,IR,36.5449,61.1577,87.94,16,0,2.3,clear sky
665,Catemaco,MX,18.4167,-95.1167,87.33,51,89,2.86,overcast clouds
666,Tigil,RU,57.8,158.6667,43.18,66,16,4.05,few clouds
667,Camana,PE,-16.6228,-72.7111,67.78,81,100,8.55,overcast clouds
668,Taoudenni,ML,22.6783,-3.9836,107.42,8,100,2.93,overcast clouds
669,Praia Da Vitoria,PT,38.7333,-27.0667,68.76,73,75,10.83,broken clouds
670,Ust-Nera,RU,64.5667,143.2,49.96,77,19,2.26,few clouds
671,Bonavista,CA,48.6499,-53.1147,66.2,69,3,7.54,clear sky
672,Lasa,IT,46.6166,10.7002,50.74,81,22,5.06,few clouds
673,Beisfjord,NO,68.3751,17.5988,46.26,99,100,4.25,light rain
674,Camacha,PT,33.0833,-16.3333,63.82,63,40,16.11,scattered clouds
675,Flagstaff,US,35.1981,-111.6513,80.26,12,15,1.01,few clouds
676,New Ulm,US,44.3125,-94.4605,68.5,83,90,10.36,overcast clouds
677,Mezcala,MX,20.9333,-102.75,89.15,15,93,7.4,overcast clouds
678,Itarema,BR,-2.9248,-39.9167,80.01,75,1,13.71,clear sky
679,Pushchino,RU,54.8339,37.6264,51.55,89,100,8.5,light rain
